,name,artist,genre
0,Desafinado,João Gilberto,bossanova
1,O Barquinho,Nara Leão,bossanova
2,Rio,Quarteto do Rio,bossanova
3,Fotografia,Elis Regina,bossanova
4,Mais Que Nada,Sergio Mendes & Brasil '66,bossanova
5,Jingle Bell Rock - Daryl's Version,Daryl Hall & John Oates,holidays
6,Silent Night - 1999 Remaster,Frank Sinatra,holidays
7,All I Want for Christmas Is You,Mariah Carey,holidays
8,Rudolph the Red-Nosed Reindeer,Gene Autry,holidays
9,Frosty The Snowman - Remastered 2006,Bing Crosby,holidays
10,"Happy - From ""Despicable Me 2""",Pharrell Williams,movies
11,We Own It (Fast & Furious),2 Chainz,movies
12,"Let It Go - From ""Frozen""/Soundtrack Version",Idina Menzel,movies
13,Hedwig's Theme,John Williams,movies
14,Theme From Jurassic Park,John Williams,movies
15,Yakap,Zack Tabudlo,philippines-opm
16,Wag Na Lang,MC Einstein,philippines-opm
17,Simpleng Tao,Gloc 9,philippines-opm
18,Kung Wala Ka,Hale,philippines-opm
19,Miloves (Otw Sayo),King Badger,philippines-opm
20,Hardware,Monty,post-dubstep
21,Don't Change for Me,Ramadanman,post-dubstep
22,Endling,Subsets,post-dubstep
23,Xe3,Mssingno,post-dubstep
24,Emeralds,Deft,post-dubstep
25,Berlin,RY X,rainy-day
26,Hold On,John Smith,rainy-day
27,Forest Fires,Axel Flóvent,rainy-day
28,Ricochet,Haux,rainy-day
29,Beautiful Hell,Adna,rainy-day
30,I'm Still Standing,Elton John,road-trip
31,Life in the Fast Lane - 2013 Remaster,Eagles,road-trip
32,Take Me Home Tonight,Eddie Money,road-trip
33,In The Air Tonight - 2015 Remastered,Phil Collins,road-trip
34,American Pie,Don McLean,road-trip
35,Last Last,Burna Boy,summer
36,Lost,Frank Ocean,summer
37,One Dance,Drake,summer
38,Sunflower - Spider-Man: Into the Spider-Verse,Post Malone,summer
39,Walking On A Dream,Empire of the Sun,summer
40,Element,Pop Smoke,work-out
41,Miracle (with Ellie Goulding),Calvin Harris,work-out
42,Best Shot,BUTTER,work-out
43,Black Skinhead,Kanye West,work-out
44,Can't Hold Us (feat. Ray Dalton),Macklemore & Ryan Lewis,work-out